group,region,start,end,region_consurf_average,data_dir
pp1ab,dark_region_with_features,1,11,6.636363636363637,data/P0DTC1
pp1ab,nsp1,1,180,6.072222222222222,data/P0DTC1
pp1ab,nsp3,819,2763,4.60668380462725,data/P0DTC1
pp1ab,nsp4,2764,3172,4.750611246943765,data/P0DTC1
pp1ab,nsp5,3264,3569,6.071895424836601,data/P0DTC1
pp1ab,nsp6,3570,3859,4.403448275862069,data/P0DTC1
pp1ab,nsp7,3860,3942,6.759036144578313,data/P0DTC1
pp1ab,nsp8,3943,4140,6.505050505050505,data/P0DTC1
pp1ab,nsp9,4141,4253,6.150442477876106,data/P0DTC1
pp1ab,nsp10,4254,4392,6.690647482014389,data/P0DTC1
pp1ab,nsp12,4393,5324,,data/P0DTC1
pp1ab,nsp13,5325,5925,,data/P0DTC1
pp1ab,nsp14,5926,6452,,data/P0DTC1
pp1ab,nsp15,6453,6798,,data/P0DTC1
pp1ab,nsp16,6799,7096,,data/P0DTC1
nsp1,2gdt,12,126,6.417391304347826,data/P0DTC1
nsp1,3ld1,104,562,4.79520697167756,data/P0DTC1
nsp2,3ld1,104,562,4.79520697167756,data/P0DTC1
nsp3,Ubl1,819,929,3.720720720720721,data/P0DTC1
nsp3,unnamed_dark_region,930,1026,4.546391752577319,data/P0DTC1
nsp3,macro_domain_region,1027,1193,3.8682634730538923,data/P0DTC1
nsp3,dark_region_1027,1027,1368,4.277777777777778,data/P0DTC1
nsp3,SUD-M,1389,1493,4.695238095238095,data/P0DTC1
nsp3,SUD-C,1494,1562,4.739130434782608,data/P0DTC1
nsp3,PL-Pro,1563,1878,4.629746835443038,data/P0DTC1
nsp3,NAB,1879,2020,4.323943661971831,data/P0DTC1
nsp3,final_dark_region,2021,2763,4.920592193808883,data/P0DTC1
nsp4,nsp4C,3173,3263,6.021978021978022,data/P0DTC1
